Dimension,Score,Description
Depth,0,No documented Python in the formal finance curriculum.
Depth,1,"Single elective, workshop or thesis-level use of Python."
Depth,2,One structured Python or Python-in-finance course; limited follow-on use.
Depth,3,Core Python/programming course plus multiple follow-on finance modules using Python.
Depth,4,"Python embedded vertically across the programme, from entry/preparation through core and advanced finance courses."
Scope,0,No finance modules explicitly using Python.
Scope,1,Python used in one module or narrow set of activities.
Scope,2,Python concentrated in a FinTech/data-analytics cluster of modules.
Scope,3,"Python used across multiple subfields (e.g., econometrics, risk, derivatives, trading)."
Scope,4,Python is the dominant implementation language across most finance teaching.
Authenticity,0,Only generic mention of software; no assessed Python work.
Authenticity,1,Toy examples or demonstrations; little assessed coding.
Authenticity,2,Assessed labs or exercises using Python with simplified datasets.
Authenticity,3,Graded projects and/or exams using Python with real financial data in course settings.
Authenticity,4,"Extended, project-based or external-facing work (e.g., capstones, industry projects) built around Python."
