University,Programme,Country,Depth,Scope,Authenticity
Massachusetts Institute of Technology (MIT),Master of Finance (MFin),United States,4,3,3
Bayes Business School,MSc in Quantitative Finance,United Kingdom,4,3,3
Frankfurt School of Finance & Management,Master of Finance (MSc),Germany,4,3,3
University of Mannheim,MSc Economics (Python in Finance elective),Germany,1,1,3
Central University of Finance and Economics,Fintech undergraduate major,China,2,1,2
Typical applied finance master (no explicit Python),—,Generic country,0,0,0
