University_ID,Country,University_Name,Program_Name,Degree_Level,Academic_Year,Evidence_Type,Evidence_URL,Local_File_Name,Date_Accessed,Python_Found,Depth,Scope,Authenticity,Python_Index,Python_Index_Normalised,Coder_Initials,Comments,graduate_program
,United States,Massachusetts Institute of Technology (MIT),Master of Finance (MFin),MFin,2025–26,Program background page + course catalog,https://mitsloan.mit.edu/mfin/admissions/suggested-background,MIT_MFin_Programming_Background_2025-26.pdf,2026-02-14,Y,4.0,3.0,2.0,9.0,0.75,VV,MFin students must pass a Programming Literacy Test using Python and a summer exam solving financial problems with Python/R; Python-based preparation is then used in core courses such as Financial Markets and Analytics/Advanced Analytics of Finance.,1.0
,United States,"University of California, Berkeley",Master of Financial Engineering (MFE),MFE,2024–25,Program Python preparation page,https://mfe.haas.berkeley.edu/academics/mfe-preparation,Berkeley_MFE_PythonPrep_2024-25.pdf,2026-02-14,Y,4.0,3.0,2.0,9.0,0.75,VV,Pre-program Python course for financial engineering; Python then used across core quantitative finance and risk modules.,1.0
,United States,Carnegie Mellon University,Master of Science in Computational Finance (MSCF),MSCF,2024–25,Curriculum page (Year One),https://www.cmu.edu/mscf/academics/curriculum/year-one.html,CMU_MSCF_YearOne_2024-25.pdf,2026-02-14,Y,2.0,1.0,2.0,5.0,0.4166666666666667,VV,Year One curriculum notes students learn Python and other industry-standard programming languages and apply them in financial computing courses.,1.0
,United States,Columbia University,MS in Financial Engineering (MSFE),MS,2024–25,Program page,https://ieor.columbia.edu/financial-engineering-msfe,Columbia_MSFE_Program_2024-25.pdf,2026-02-14,Y,3.0,3.0,2.0,8.0,0.6666666666666666,VV,MSFE emphasizes strong programming skills including Python for quantitative and financial engineering work; Python used in multiple FE modules.,1.0
,United States,Princeton University,Master in Finance,MFin,2025–26,Master’s Research Project page (computing environment),https://bcf.princeton.edu/academic-programs/master-in-finance/new-students/masters-research-project/,Princeton_MFin_Masters_Research_Project_PythonEnv_2025-26.pdf,2026-02-14 00:00:00,Y,2.0,1.0,2.0,5.0,0.4166666666666667,VV,"BCF’s Master’s Research Project page explains that MFin students use a dedicated lounge with workstations and a standardized computing environment that includes Python alongside R, Matlab, Mathematica and C++ for research projects; core course descriptions themselves do not yet name Python. :contentReference[oaicite:0]{index=0}",1.0
,United States,New York University (Courant Institute),MS in Mathematics in Finance,MS,2024–25,Programme curriculum with course descriptions,https://math-finance.cims.nyu.edu/,NYU_MSMF_Curriculum_Computing_in_Finance_2024-25.pdf,2026-02-14 00:00:00,Y,2.0,1.0,3.0,6.0,0.5,VV,"The MSMF curriculum includes a required “Computing in Finance” course where students learn Python and use it for financial data analysis and trading‑related projects, and multiple electives (e.g., Alternative Data in Finance, Market Microstructure, Cryptocurrency & Blockchain) that specify Python‑based analysis of real market data. :contentReference[oaicite:1]{index=1}",1.0
,United States,Boston University (Questrom School of Business),MS in Mathematical Finance & Financial Technology,MS,2024–25,MSMFT handbook (required preparatory courses),https://questromworld.bu.edu/grad/wp-content/uploads/sites/14/2023/05/FINAL-MSMFT-Handbook-Class-of-2024-May25.pdf,BU_MSMFT_Handbook_MF602_Python_Review_2024-25.pdf,2026-02-14 00:00:00,Y,3.0,2.0,2.0,7.0,0.5833333333333334,VV,"The MSMFT handbook lists MF 602 “Python Programming Review” as a required preparatory course that reviews Python fundamentals for finance applications, before students take core quantitative‑finance and technology subjects, indicating structured, assessed Python training linked to later coursework. :contentReference[oaicite:2]{index=2}",1.0
,United States,Baruch College (CUNY),MS in Financial Engineering,MS,2024–25,MTH 9815 Software Engineering for Finance course page,https://mfe.baruch.cuny.edu/mth-9815-software-engineering-for-finance/,Baruch_MFE_MTH9815_Software_Engineering_in_Finance_2024-25.pdf,2026-02-14 00:00:00,Y,2.0,1.0,2.0,5.0,0.4166666666666667,VV,"The Baruch MFE curriculum includes MTH 9815 “Software Engineering for Finance,” whose official description notes that the course develops software‑engineering techniques for finance and that the primary development language is Python; the program also offers Pre‑MFE VBA/Python/SQL online certificates used as pipeline preparation. :contentReference[oaicite:3]{index=3}",1.0
,United States,Georgia Institute of Technology,MS in Quantitative and Computational Finance,MS,2025–26,Admissions requirements / FAQ (programming expectations),https://www.qcf.gatech.edu/prospective-students/application-requirements,GeorgiaTech_MSQCF_Application_Requirements_Python_2025-26.pdf,2026-02-14 00:00:00,Y,2.0,1.0,2.0,5.0,0.4166666666666667,VV,"QCF admissions documentation states that applicants are expected to have programming experience, with Python, R or C++ listed as preferred languages, signalling that Python literacy is part of the assumed skill set for entering students even though course descriptions rarely name a specific language. :contentReference[oaicite:4]{index=4}",1.0
,United States,Cornell University,MEng in Financial Engineering,MEng,2024–25,Class Roster entries ORIE 5258 & ORIE 5259,https://classes.cornell.edu/browse/roster/FA24/class/ORIE/5258,Cornell_MEng_FE_ORIE5258_5259_Python_for_Finance_2024-25.pdf,2026-02-14 00:00:00,Y,2.0,1.0,2.0,5.0,0.4166666666666667,VV,"Cornell’s FE MEng offers ORIE 5258 “Python for Finance,” a 1.5‑credit course reserved for first‑semester FE students that deepens Python skills for financial data analysis, and ORIE 5259 on market microstructure and algorithmic trading, which lists “robust knowledge of Python” as a highly recommended prerequisite. :contentReference[oaicite:5]{index=5}",1.0
,,,,,,,,,,,,,,,,,,
,United Kingdom,University of Oxford,MSc Financial Economics (MFE),MSc,2024–25,Program page / brochure,https://www.sbs.ox.ac.uk/programmes/degrees/msc-financial-economics,Oxford_MFE_Programme_2024-25.pdf,2026-02-14,Y,2.0,1.0,2.0,5.0,0.4166666666666667,VV,Programme reports shift of core programming to Python; multiple core courses require Python-based assignments.,1.0
,United Kingdom,London School of Economics and Political Science (LSE),MSc Finance and Economics,MSc,2024–25,Offer-holder / Digital Skills page,https://www.lse.ac.uk/finance/study/offer-holders/finance-offer-holder-webpages/msc-finance-economics,LSE_MSc_Finance_Economics_OfferHolder_2024-25.pdf,2026-02-14,Y,2.0,1.0,2.0,5.0,0.4166666666666667,VV,Digital Skills Lab offers 'R and Python for MSc Finance and Economics' supporting Financial Econometrics and related modules.,1.0
,United Kingdom,Imperial College London,MSc Mathematics and Finance,MSc,2024–25,Program page + Python for Finance module,https://www.imperial.ac.uk/study/courses/postgraduate-taught/mathematics-finance/,Imperial_MSc_Mathematics_and_Finance_2024-25.pdf,2026-02-14,Y,3.0,2.0,3.0,8.0,0.6666666666666666,,Compulsory 'Python for Finance' module (delivered via notebooks) with assessed coursework; Python used in several quantitative finance modules.,1.0
,United Kingdom,University of Warwick,MSc Mathematical Finance,MSc,2024–25,Module description page,https://warwick.ac.uk/fac/sci/statistics/postgrad/msc-mathematical-finance/coursestructure/ma907simulationandmachinelearningforfinance/,Warwick_MSc_Mathematical_Finance_MA907_2024-25.pdf,2026-02-14,Y,2.0,1.0,3.0,6.0,0.5,VV,Module MA907 specifies Python-based programming material and a graded project where students analyse a financial maths model using Python.,1.0
,United Kingdom,Durham University,MSc Finance (Finance and Investment),MSc,2025–26,Programme regulations + Python for Finance module description,https://apps.dur.ac.uk/faculty.handbook/2023/PG/programme/N3K409,Durham_MSc_Finance_Finance_and_Investment_2025-26.pdf,2026-02-14 00:00:00,Y,3.0,2.0,3.0,8.0,0.6666666666666666,VV,"Programme regulations for MSc Finance (Finance and Investment) list optional List B module “Python for Finance” (ECON40N15/FINN43815) alongside FinTech electives; the archived module handbook shows that Python for Finance teaches Python from first principles using Jupyter notebooks/DataCamp and applies it to importing and cleaning financial data, backtesting trading strategies, portfolio analytics, Monte Carlo derivative pricing, and basic machine-learning/sentiment analysis, assessed via a group project and a 2‑hour exam. Depth=2 (substantial Python-in-finance elective plus related FinTech options), Scope=1 (elective rather than core), Authenticity=3 (intensive, graded coding with real financial datasets).",1.0
,United Kingdom,University of Edinburgh Business School,"MSc Finance, Technology and Policy",MSc,2025–26,Programme structure page (compulsory and option courses),https://www.business-school.ed.ac.uk/msc/finance-technology-policy/overview/programme-structure,Edinburgh_MSc_Finance_Technology_and_Policy_ProgrammeStructure_2025-26.pdf,2026-02-14 00:00:00,Y,3.0,2.0,2.0,7.0,0.5833333333333334,VV,"Programme structure for 2025/26 lists “Python Programming” as a compulsory Semester‑1 course alongside Financial Markets and Investment, Financial Valuation, FinTech Infrastructures and Policy and Principles of Data Analytics; Semester‑2 core includes “Machine Learning in Financial Services” and options such as “Financial Markets Applications of Deep and Reinforcement Learning” and “Pattern Recognition in Financial Data”. This indicates Python is explicitly taught in a core programming course and then used in multiple machine‑learning / FinTech finance modules. Depth=3 (core Python module plus follow‑on quantitative finance courses), Scope=2 (Python concentrated in FinTech/analytics components rather than all finance options), Authenticity=3 (applied ML and analytics work with financial datasets).",1.0
,United Kingdom,University of Glasgow,MSc Financial Engineering,MSc,2026–27,Programme page (overview + programme structure),https://www.gla.ac.uk/postgraduate/taught/financial-engineering/,Glasgow_MSc_Financial_Engineering_2026-27.pdf,2026-02-14 00:00:00,Y,2.0,2.0,3.0,7.0,0.5833333333333334,VV,"Financial Engineering MSc description states that students gain hands‑on experience with industry‑standard tools such as Python, R and MATLAB and “master essential software like Python, R, and MATLAB through hands‑on projects and labs”; the programme structure lists core modules including Applied Computational Finance and Financial Econometrics and an option “Machine Learning in Finance with Python”. Together these show multi‑course, assessed use of Python in computational and machine‑learning finance. Depth=3 (Python is central in several core/optional modules), Scope=2 (Python concentrated in quantitative/ML courses rather than every unit), Authenticity=3 (project‑based and lab‑based coding with real financial data).",1.0
,United Kingdom,"Bayes Business School, City St George's, University of London",MSc in Quantitative Finance,MSc,2025–26,Programme page (course objectives and structure),https://www.bayes.citystgeorges.ac.uk/study/masters/courses/quantitative-finance,Bayes_MSc_Quantitative_Finance_2025-26.pdf,2026-02-14 00:00:00,Y,3.0,2.0,2.0,7.0,0.5833333333333334,VV,"Bayes Quantitative Finance MSc aims to develop “programming fluency” and states that students gain proficiency in Python, MATLAB and C/C++; pre‑programme online modules include Python, and Term‑1 core “Programming for Quants” focuses on Matlab and Python as the main programming languages. Module descriptions for Financial Econometrics, Fixed Income and Risk Analysis note the use of Python (alongside MATLAB/Excel) for empirical analysis and model implementation. Python thus underpins core teaching in programming, econometrics, pricing and risk, with further use in electives such as Computational Finance and Machine Learning for Financial Analytics. Depth=4 (Python embedded from pre‑study through multiple compulsory and advanced modules), Scope=3 (used across pricing, risk, econometrics and ML subfields), Authenticity=3 (substantial hands‑on coding, projects and industry‑linked applications).",1.0
,United Kingdom,University of Aberdeen,MSc Financial Technology,MSc,2025–26,Programme page (overview + “What you’ll study”),https://www.abdn.ac.uk/study/postgraduate-taught/degree-programmes/1891/financial-technology/,Aberdeen_MSc_Financial_Technology_2025-26.pdf,2026-02-14 00:00:00,Y,4.0,3.0,2.0,9.0,0.75,VV,"Aberdeen’s MSc Financial Technology overview notes that the programme offers a “rigorous introduction to Python, the dominant programming language in FinTech as well as machine learning and data science”. Stage 1 includes Introduction to Programming and Financial Mathematics I & II, while Stage 2 lists compulsory course “Advances in Machine Learning in Finance”, which is explicitly based on Python and assumes prior programming skills in Python. This shows that Python is a core tool for FinTech analytics and ML‑based finance within the degree. Depth=3 (Python‑focused intro plus Python‑based ML finance module), Scope=2 (Python concentrated in programming/ML components rather than all finance courses), Authenticity=3 (applied ML and financial‑data work in Python).",1.0
,United Kingdom,University of Salford,MSc Financial Technology (FinTech),MSc,2025–26,Programme page + UCAS / course directories,https://www.salford.ac.uk/courses/postgraduate/financial-technology-fintech,Salford_MSc_Financial_Technology_2025-26.pdf,2026-02-14 00:00:00,Y,2.0,2.0,3.0,7.0,0.5833333333333334,VV,"The University of Salford’s MSc Financial Technology programme page explains that students “learn Python and Power BI from scratch” and apply these tools to financial data, with opportunities for Azure cloud certifications and modules on blockchain, cryptocurrencies, crowdfunding, regtech/insurtech, FinTech lending and financial‑crime detection; UCAS and related course directories repeat that FinTech students learn Python and Power BI from scratch as part of an applied, industry‑informed curriculum. Python is therefore a required data‑analysis tool within this FinTech MSc and underpins several project/placement‑based components. Depth=3 (Python skills built into the core and used across multiple topics), Scope=2 (Python concentrated in analytics/technology elements rather than every finance unit), Authenticity=3 (hands‑on use of Python with real financial datasets and practical projects).",1.0
,,,,,,,,,,,,,,,,,,
,Germany,Frankfurt School of Finance & Management,Master of Finance (MSc),MSc,2024–25,Program page (handbook/curriculum),https://www.frankfurt-school.de/en/study/master/master-of-finance,FrankfurtSchool_Master_of_Finance_2024-25.pdf,2026-02-14,Y,2.0,2.0,3.0,7.0,0.5833333333333334,VV,"Frankfurt School blog 'Handling Big Data' for the Master of Finance reports that DataCamp is used as a Python refresher and for mandatory homework in modules such as Statistics & Econometrics, Quantitative Portfolio Management, Portfolio Risk Management and Financial Products & Modelling; courses like Data Analytics & Machine Learning and Algo Trading & Financial Analysis emphasise coding and Python syntax/packages. A 2025 FT article on Masters in Finance notes that Frankfurt School starts students with Python and moves quickly to practical finance applications, including valuation models in Python built on real products. Coded Python_Found=Y; Depth=4; Scope=3; Authenticity=3.",1.0
,Germany,University of Mannheim,Master’s Program in Economics (M.Sc.),MSc,2024–25,Program page (handbook/curriculum),https://www.uni-mannheim.de/en/academics/before-your-studies/programs/masters-program-in-economics/,Mannheim_MSc_Economics_2024-25.pdf,2026-02-14,Y,2.0,2.0,3.0,7.0,0.5833333333333334,VV,"MSc Economics students can take FIN 687 'Python in Finance' from Mannheim Business School's module catalog. The course teaches Python fundamentals, data handling, visualisation, web scraping, machine learning and working with typical finance datasets, and ends with a 120-minute computer-lab exam applying these tools to a financial research question. This provides one substantial Python-based finance elective. Coded Python_Found=Y; Depth=1; Scope=1; Authenticity=3.",1.0
,Germany,Goethe University Frankfurt,"Master in Money, Macro and Finance (MMF)",MSc,2024–25,Program page (handbook/curriculum),https://www.wiwi.uni-frankfurt.de/en/study/study-programs/master/master-in-money-macro-and-finance/general-information,Goethe_MSc_Money_Macro_Finance_2024-25.pdf,2026-02-14,Y,2.0,2.0,2.0,6.0,0.5,VV,"MMF electives include quantitatively oriented modules such as 'Big Data in Personal Finance' and 'Financial Econometrics of High Frequency Data'. Thesis and seminar guidelines from finance chairs in Goethe's Faculty of Economics and Business state that Master's theses require quantitative work using software such as Matlab, Python, R or Stata, and some master seminar topics ask students to implement simulation frameworks or algorithms in Python or R. This indicates Python use in MMF theses and advanced seminars, though core module descriptions do not explicitly name Python. Coded Python_Found=Y; Depth=1; Scope=1; Authenticity=2.",1.0
,Germany,Technical University of Munich (TUM),MSc Finance and Information Management (FIM),MSc,2024–25,Program page (handbook/curriculum),https://www.tum.de/en/studies/degree-programs/detail/finance-and-information-management-fim-master-of-science-msc/,TUM_MSc_Finance_and_Information_Management_2024-25.pdf,2026-02-14,Y,2.0,2.0,2.0,6.0,0.5,VV,"FIM is positioned at the interface of finance and information management, with core areas in Computational Analytics, Quantitative Finance, Information Management and Financial Management; programme documentation stresses business analytics, machine learning and digital innovation. In addition, TUM finance thesis calls for FIM and Management & Technology students expect experience with Python, Stata or R for empirical topics such as energy finance or asset securitization. This supports Python (or similar) use in quantitative thesis work, although public course descriptions do not yet specify Python for particular modules. Coded Python_Found=Y; Depth=1; Scope=1; Authenticity=2.",1.0
,Germany,University of Tübingen,MSc Economics and Finance,MSc,2024–25,Program page / Study programme description,https://uni-tuebingen.de/en/fakultaeten/wirtschafts-und-sozialwissenschaftliche-fakultaet/faecher/fachbereich-wirtschaftswissenschaft/wirtschaftswissenschaft/studium/studiengaenge/master/msc-economics-and-finance/,Tuebingen_MSc_Economics_and_Finance_2024-25.pdf,2026-02-14 00:00:00,Y,2.0,1.0,2.0,5.0,0.4166666666666667,VV,"Programme page states that graduates will be able to analyse financial and economic data “using econometric and statistical software packages (Matlab, SAS, Stata, Python, R)”, indicating that Python is one of several tools used in econometrics/quantitative courses rather than a stand‑alone “Python in Finance” module; coded as multi‑course but not fully core‑dominating use.",1.0
,Germany,Munich Business School,Master in Finance,M.A.,2024–25,Program page (study content & electives),https://www.munich-business-school.de/en/master/master-in-finance,MunichBS_Master_in_Finance_2024-25.pdf,2026-02-14 00:00:00,Y,1.0,1.0,2.0,4.0,0.3333333333333333,VV,"Under “Electives” the study‑content section lists a course titled “quantitative business methods in finance with Python” alongside other finance options, showing a single Python‑based elective within the degree; core modules focus on corporate finance, valuation, risk, etc. Depth=1 (one elective), Scope=1, Authenticity=2 (assessed elective).",1.0
,Germany,Karlsruhe Institute of Technology (KIT) – Hector School,MSc Financial Engineering,MSc,2024–25,Programme page (Financial Engineering overview),https://www.hectorschool.kit.edu/master-financial-engineering.php,KIT_Hector_MSc_Financial_Engineering_2024-25.pdf,2026-02-14 00:00:00,Y,4.0,3.0,2.0,9.0,0.75,VV,"Financial Engineering overview explains that the programme offers a mix of finance theory, engineering methods and AI/data‑science techniques, “with a focus on hands‑on applications implemented in the Python programming language” and lists “financial and risk management with Python” among focus points; multiple engineering modules (digital financial markets, ML for decision making, alternative data) rely on Python, so Python is the primary implementation language across several core blocks.",1.0
,Germany,EBS Universität für Wirtschaft und Recht,Master in Finance,MSc,2024–25,Programme page (study content / professional skills),https://www.ebs.edu/en/ebs-business-school/study-programmes/master-in-finance,EBS_Master_in_Finance_2024-25.pdf,2026-02-14 00:00:00,Y,2.0,1.0,4.0,7.0,0.5833333333333334,VV,"Study‑content section lists core and elective finance modules plus “Professional and future skills” where Python is explicitly named alongside statistics and econometrics and linked to an “Applied Business Analytics Hackathon”; this suggests a structured skills component using Python but not full programme‑wide integration. Depth=2 (skills component + analytics field project), Scope=1 (skills/analytics rather than all finance modules), Authenticity=2 (project‑based use).",1.0
,Germany,WHU – Otto Beisheim School of Management,Master in Finance,MSc,2024–25,Programme page (courses & curriculum),https://www.whu.edu/en/programs/master-of-science-programs/master-in-finance/courses-curriculum/,WHU_Master_in_Finance_2024-25.pdf,2026-02-14 00:00:00,N,0.0,0.0,0.0,0.0,0.0,VV,"Curriculum and course descriptions for the WHU Master in Finance (core modules and tracks) do not mention Python or any specific programming language. WHU offers a separate online skill path “Analyze Financial Data with Python”, but this is advertised outside the formal MFin curriculum; under the strict document‑based rule, the MFin is coded as having no documented Python requirement.",1.0
,Germany,Technische Hochschule Nürnberg Georg Simon Ohm,MSc International Finance and Economics,MSc,2024–25,Programme page (content & electives),https://www.th-nuernberg.de/en/faculties/bw/study/international-business-bachelors-and-masters-degree-programs/international-finance-and-economics-msc/,THN_MSc_International_Finance_and_Economics_2024-25.pdf,2026-02-14 00:00:00,Y,2.0,2.0,2.0,6.0,0.5,VV,"The International Finance and Economics M.Sc. description lists a General Management elective “Data Analytics with Python” alongside finance and economics electives; this provides one optional Python‑based analytics module available within the programme, but Python is not embedded across the finance core. Depth=1 (single elective), Scope=1, Authenticity=2 (likely graded analytics course).",1.0
,,,,,,,,,,,,,,,,,,
,Switzerland,University of Basel,Master in Finance and Money,MSc,2024–25,Program page / Handbook,https://wwz.unibas.ch/en/studies/master/master-in-finance-and-money/,Basel_Master_in_Finance_and_Money_2024-25.pdf,2026-02-15 00:00:00,,2.0,1.0,2.0,5.0,0.4166666666666667,VV,Specialised Master at Faculty of Business and Economics focused on financial markets and monetary system; 90 ECTS in English. To be coded – check module list and thesis guidelines for explicit Python / programming use.,1.0
,Switzerland,Università della Svizzera italiana (USI Lugano),Master in Finance,MSc,2024–25,Program page / Handbook,https://www.usi.ch/en/education/master/finance,USI_Master_in_Finance_2024-25.pdf,2026-02-15 00:00:00,,2.0,1.0,2.0,5.0,0.4166666666666667,VV,"USI Master in Finance (Faculty of Economics) with minors in Quantitative Finance, Banking & Finance, and Digital Finance; FT-ranked and SFI‑affiliated. To be coded – inspect “Structure and contents” and quantitative tracks for Python or programming language references.",1.0
,Switzerland,Lucerne University of Applied Sciences and Arts – Lucerne School of Business (HSLU),Master of Science in Banking and Finance,MSc,2024–25,Program page / Handbook,https://www.hslu.ch/en/lucerne-school-of-business/degree-programmes/master/banking-and-finance/,HSLU_MSc_Banking_and_Finance_2024-25.pdf,2026-02-15 00:00:00,,2.0,2.0,2.0,6.0,0.5,VV,"Applied research‑oriented MSc in Banking and Finance (IFZ), CFA‑affiliated and FT‑ranked; strong focus on risk management, investments, FinTech and data analytics. To be coded – review module descriptions (incl. Data Science / analytics) for explicit Python content.",1.0
,Switzerland,ZHAW Zurich University of Applied Sciences – School of Management and Law,MSc in Banking and Finance,MSc,2024–25,Program page / Handbook,https://www.zhaw.ch/en/sml/study/master/banking-and-finance/,ZHAW_MSc_Banking_and_Finance_2024-25.pdf,2026-02-15 00:00:00,,2.0,1.0,2.0,5.0,0.4166666666666667,VV,"Master of Science in Banking and Finance at ZHAW SML; practice‑oriented curriculum in financial markets, corporate finance and risk management. To be coded – check modules and course catalogue for programming / Python references.",1.0
,Switzerland,University of Geneva (GSEM / GFRI),Master of Science in Wealth Management,MSc,2024–25,Program page / Handbook,https://www.unige.ch/gsem/en/programs/masters/wealth-management/,UNIGE_MSc_Wealth_Management_2024-25.pdf,2026-02-15 00:00:00,,2.0,1.0,2.0,5.0,0.4166666666666667,VV,"Geneva MSc in Wealth Management at GSEM / Geneva Finance Research Institute with tracks in portfolio management, private banking and estate planning. To be coded – inspect curriculum and course outlines for any explicit use of Python or other programming tools.",1.0
,Switzerland,University of St. Gallen (HSG),Master in Banking and Finance (MBF),MA,2024–25,Program page / Handbook,https://www.unisg.ch/en/studying/programmes/master/banking-and-finance-mbf/,HSG_MA_Banking_and_Finance_MBF_2024-25.pdf,2026-02-15 00:00:00,,2.0,1.0,2.0,5.0,0.4166666666666667,VV,"MA HSG in Banking and Finance (MBF), 90‑ECTS pre‑experience finance master ranked among top global programmes; covers financial markets, institutions, corporate finance and quantitative methods. To be coded – examine MBF curriculum and research seminar descriptions for explicit Python / coding requirements.",1.0
,Switzerland,University of Bern,Master of Science in Business Administration – Specialisation in Financial Management,MSc,2024–25,Program page / Handbook,https://www.wiso.unibe.ch/studies/study_programs/master_s_in_business_administration/index_eng.html,Bern_MSc_Business_Admin_Financial_Management_2024-25.pdf,2026-02-15 00:00:00,,2.0,1.0,2.0,5.0,0.4166666666666667,VV,"MSc Business Administration with special qualification in Financial Management; 90 ECTS with core modules in corporate finance, asset pricing, management science and seminars. To be coded – check Financial Management study plan and course PDFs for explicit mention of Python / programming languages.",1.0
,Switzerland,University of Fribourg,Master in Accounting and Finance,MSc,2024–25,Program page / Handbook,https://www.unifr.ch/ses/en/studies/master/ma-accounting-finance.html,Fribourg_Master_Accounting_and_Finance_2024-25.pdf,2026-02-15 00:00:00,,2.0,2.0,2.0,6.0,0.5,VV,"Modular Master in Accounting and Finance with core modules in Finance and Accounting & Control plus Data Analytics / Audit & Tax and a 90–120 ECTS structure. To be coded – review course lists (e.g., Finance, Data Analytics modules) for Python or other programming tools.",1.0
,Switzerland,University of Neuchâtel,Master of Science in Finance (MScF),MSc,2024–25,Program page / Handbook,https://www.unine.ch/seco/en/programmes/master-of-science-in-finance/,Neuchatel_MSc_Finance_MScF_2024-25.pdf,2026-02-15 00:00:00,,2.0,1.0,2.0,5.0,0.4166666666666667,VV,MScF in Finance at Faculty of Economics and Business; CFA / GARP‑affiliated programme emphasising quantitative finance and practical applications in small classes. To be coded – inspect MScF study plan and “modules / computer labs” for explicit Python or programming requirements.,1.0
,Switzerland,University of Lausanne – HEC Lausanne,Master of Science in Finance,MSc,2024–25,Program page / Handbook,https://www.unil.ch/hec/en/home/menuinst/masters/msc-in-finance.html,HEC_Lausanne_MSc_Finance_2024-25_fullsample.pdf,2026-02-15 00:00:00,,2.0,1.0,2.0,5.0,0.4166666666666667,VV,"HEC Lausanne MSc in Finance (Master of Science) with specialisations in Asset & Risk Management, Corporate Finance and Financial Entrepreneurship. To be coded – check detailed course descriptions and thesis guidelines for explicit Python / coding components.",1.0
,,,,,,,,,,,,,,,,,,
,Brazil,Fundação Getulio Vargas (FGV EPGE – Escola Brasileira de Economia e Finanças),Mestrado Profissional em Economia e Finanças (MFEE),MProf,2026–27,Program page + course syllabus 'Python para Análise de Dados',https://epge.fgv.br/files/default/python_para_analise_de_dados.pdf,FGVEPGE_MFEE_PythonParaAnaliseDeDados_2026-27.pdf,2026-02-14 00:00:00,Y,2.0,1.0,2.0,5.0,0.4166666666666667,VV,"Professional master's MFEE includes a 45-hour 'Python para Análise de Dados' course covering Python basics, NumPy, pandas, data cleaning, visualization and time series as part of its curriculum.",1.0
,Brazil,Fundação Getulio Vargas (FGV EMAp – Escola de Matemática Aplicada),Especialização em Métodos Quantitativos em Finanças e Riscos,Specialization,2025–26,Program description page (specialization in quantitative methods in finance and risk),https://emap.fgv.br/curso/especializacao-em-metodos-quantitativos-em-financas-e-riscos,FGVEMAp_MetodosQuantFinancasRiscos_Overview_2025-26.pdf,2026-02-14 00:00:00,Y,2.0,2.0,2.0,6.0,0.5,VV,Quantitative finance and risk specialization; program page notes that prior knowledge of programming languages such as Python or R is desirable along with strong mathematical background.,1.0
,Brazil,Universidade de São Paulo (USP),Data Science e Machine Learning aplicados ao Mercado Financeiro (USPex),Extension,2026–27,Extension course page (USPex),https://uspex.usp.br/cursos/data-science-e-machine-learning-aplicados-ao-mercado-financeiro?cod_curso=120300036&cod_edicao=25002,USP_USPEx_DataScienceML_MercadoFinanceiro_2026-27.pdf,2026-02-14 00:00:00,Y,2.0,2.0,3.0,7.0,0.5833333333333334,VV,"USPex extension course where participants learn Python fundamentals and then apply Python, Pandas, web scraping, text analysis and machine learning to economic and financial data for banks, companies and central bank communications.",1.0
,Brazil,"Pontifícia Universidade Católica do Rio de Janeiro (PUC-Rio, IAG Escola de Negócios)",MBA Finance & Analytics,MBA,2025–26,Program page + curriculum description for 'Financial Analytics usando R e Python',https://iag.puc-rio.br/curso/mba-finance-and-analytics/,PUCRio_IAG_MBA_FinanceAnalytics_2025-26.pdf,2026-02-14 00:00:00,Y,2.0,2.0,3.0,7.0,0.5833333333333334,VV,"MBA Finance & Analytics includes a core course 'Financial Analytics usando R e Python' focused on financial data analysis, time-series and machine-learning models using R and Python with real market data.",1.0
,Brazil,Centro Universitário FECAP (Fundação Escola de Comércio Álvares Penteado),Data Science e Analytics Aplicado a Finanças,Specialization,2026–27,Curriculum matrix PDF for specialization (Matriz Curricular 2026-1),https://www.fecap.br/files/docs/pos-graduacao/2026-1_Matriz-Curricular_Data_Science-e-Analytics-Aplicado-a-Financas_Flex.pdf,FECAP_DataScienceAnalyticsFinancas_MatrizCurricular_2026-27.pdf,2026-02-14 00:00:00,Y,2.0,2.0,2.0,6.0,0.5,VV,"Postgraduate specialization in data science and analytics applied to finance; AI and ML for finance module states that students implement machine-learning methods in finance using programming languages such as R or Python, alongside courses on derivatives, risk management, big data and RPA for finance and control.",1.0
,Brazil,Universidade Federal Rural do Rio de Janeiro (UFRRJ),Introdução ao Python com dados financeiros,Extension,2024–25,Extension course description page (Escola de Extensão),https://institucional.ufrrj.br/eext/introducao-ao-python-com-dados-financeiros/,UFRRJ_IntroducaoPythonDadosFinanceiros_2025.pdf,2026-02-14 00:00:00,Y,1.0,1.0,3.0,5.0,0.4166666666666667,VV,"20-hour online extension course (June–July 2025) explicitly about Python with financial data, using Python and Jupyter to take participants from introductory to intermediate level.",1.0
,Brazil,Universidade Federal do Rio Grande do Sul (UFRGS),Python e a Matemática de Dados Financeiros: Conceitos e Aplicações,Extension,2025–26,"Extension course announcement (Projeto Pythonmat, IME-UFRGS)",https://www.ufrgs.br/ime/curso-de-phyton-e-a-matematica-de-dados-financeiros/,UFRGS_PythonMatematicaDadosFinanceiros_2025.pdf,2026-02-14 00:00:00,Y,1.0,1.0,2.0,4.0,0.3333333333333333,VV,"Six-week online extension course from the Pythonmat project introducing Python programming with focus on manipulating and analysing financial data, including statistics, financial mathematics, graphs and importing financial data from spreadsheets and the internet.",1.0
,Brazil,Universidade Federal Fluminense (UFF),Python para Mercado Financeiro (disciplina do Departamento de Empreendedorismo e Gestão),Undergraduate discipline,2024–25,Course materials repository on GitHub,https://github.com/LabDigital1/Python_para_Mercado_Financeiro,UFF_PythonParaMercadoFinanceiro_GitHub_2024-25.zip,2026-02-14 00:00:00,Y,2.0,1.0,3.0,6.0,0.5,VV,"GitHub repository for the discipline 'Python para Mercado Financeiro' taught in the Department of Entrepreneurship and Management at UFF, containing Jupyter notebooks that use Python for financial-market applications.",0.0
,Brazil,Pontifícia Universidade Católica de Minas Gerais (PUC Minas),Pós-graduação em Ciência de Dados e Inteligência Artificial Aplicada ao Mercado Financeiro (online),Specialization,2025–26,Program page + course program listing (módulo online),https://vemprapuc.pucminas.br/ciencia-de-dados-e-inteligencia-artificial-aplicada-ao-mercado-financeiro-online,PUCMinas_CienciaDadosIA_MercadoFinanceiro_Programa_2025-26.pdf,2026-02-14 00:00:00,Y,2.0,2.0,3.0,7.0,0.5833333333333334,VV,"Online postgraduate specialization for the financial market whose syllabus lists 'Python para Ciência de Dados' plus modules on financial-market structure, applied financial mathematics, time series and forecasting, machine learning, trading algorithms, risk management and portfolio optimisation.",1.0
,Brazil,Universidade Federal do Rio de Janeiro (UFRJ – COPPEAD Graduate School of Business),COPPEAD Finanças (programa executivo em finanças corporativas e mercado de capitais),Executive specialization,2026–27,Program page with curriculum list,https://www.coppead.ufrj.br/coppead-financas/,UFRJ_COPPEAD_Financas_Programa_2026-27.pdf,2026-02-14 00:00:00,N,0.0,0.0,0.0,0.0,0.0,VV,"360-hour hybrid COPPEAD Finanças executive program in corporate finance and capital markets; curriculum includes an 'Análise de Dados' discipline but public material does not specify programming tools, so Python_Found is marked N.",1.0
,,,,,,,,,,,,,,,,,,
,Russia,National Research University Higher School of Economics (HSE),Master's Programme in Financial Economics,MSc,2025-26,Programme page (English),https://www.hse.ru/en/ma/financial/,HSE_MSc_Financial_Economics_2025-26.pdf,2026-02-15,,2.0,1.0,2.0,5.0,0.4166666666666667,VV,"Flagship two-year master's in Financial Economics delivered via HSE’s International College of Economics and Finance; combines advanced economics, finance and quantitative methods. To be coded for explicit Python evidence after collecting detailed course syllabi.",1.0
,Russia,Lomonosov Moscow State University (MSU) – Moscow School of Economics,Master of Science in Global Economics and Finance,MSc,2025-26,Programme page (English),https://global-finance.msu-mse.ru/en/,MSU_MSc_Global_Economics_and_Finance_2025-26.pdf,2026-02-15,,2.0,1.0,2.0,5.0,0.4166666666666667,VV,"International English-language MSc in Global Economics and Finance; curriculum integrates corporate finance, investments and quantitative methods and is marketed as CFA-oriented. To be coded for Python once the detailed curriculum and course descriptions are downloaded.",1.0
,Russia,Moscow State Institute of International Relations (MGIMO),Master's Programme in International Economy and Finance,MA/MSc,2025-26,English master's programmes overview + programme link,https://int.mgimo.ru/en/english-masters-programs/,MGIMO_Master_International_Economy_and_Finance_2025-26.pdf,2026-02-15,,2.0,1.0,2.0,5.0,0.4166666666666667,VV,"MGIMO’s School of International Economic Relations offers the English-taught master 'International Economy and Finance', focusing on global financial markets and corporate finance. To be coded for Python after obtaining the programme curriculum and course syllabi.",1.0
,Russia,St Petersburg State University – Graduate School of Management (GSOM SPbU),Master in Corporate Finance (MCF),MSc,2025-26,Programme page (English),https://gsom.spbu.ru/en/programmes/graduate/mcf_new/,GSOM_MCF_Master_in_Corporate_Finance_2025-26.pdf,2026-02-15,,2.0,1.0,3.0,6.0,0.5,VV,"Two-year Master in Corporate Finance (MCF) at GSOM SPbU; EQUIS/AACSB-accredited programme emphasising corporate valuation, financial modelling and a required internship/consulting project. To be coded for Python once course descriptions for analytics and modelling modules are reviewed.",1.0
,Russia,Financial University under the Government of the Russian Federation,Economics – Finance and Development Institutions (Master's degree),MSc,2025-26,Master's degree programme list (English),https://en.fa.ru/for-applicants/masters-degree/,FinU_Masters_Economics_Finance_and_Development_Institutions_2025-26.pdf,2026-02-15,,2.0,1.0,2.0,5.0,0.4166666666666667,VV,Financial University’s English summary of master’s programmes lists an Economics track 'Finance and Development Institutions' within its finance-oriented offerings. Used here as the representative finance master's for FinU. Python usage to be coded after retrieving the detailed programme plan and course syllabi.,1.0
,Russia,"New Economic School (NES), Moscow",Master of Arts in Finance,MA,2025-26,Institutional / programmes overview (secondary sources),https://www.nes.ru/,NES_Master_of_Arts_in_Finance_2025-26.pdf,2026-02-15,,2.0,1.0,2.0,5.0,0.4166666666666667,VV,NES is a specialised graduate school in economics and finance; programme lists show a two-year Master of Arts in Finance alongside an MA in Economics. This row flags NES as an elite standalone finance master; Python evidence still to be collected from NES syllabi and course descriptions.,1.0
,Russia,Russian Presidential Academy of National Economy and Public Administration (RANEPA),Financial Instruments in Economy (St Petersburg campus),MSc,2025-26,Master programmes page + programme description,https://eng.spb.ranepa.ru/degree/financial-instruments-in-the-economy/,RANEPA_Financial_Instruments_in_Economy_2025-26.pdf,2026-02-15,,2.0,2.0,3.0,7.0,0.5833333333333334,VV,"Practice-oriented master 'Financial Instruments in Economy' at RANEPA’s St Petersburg campus combines advanced economics, finance and courses on digital money, financial technologies and financial market data analysis. Include this as the Academy’s representative finance master; Python coding to be checked in the curriculum (e.g., machine learning / data-analysis components).",1.0
,Russia,Novosibirsk State University (NSU),Master’s Degree Programme in Financial Management,MSc,2025-26,Programme page (English),https://english.nsu.ru/admission/programs/master-s-degree-programs-english/financial-management/,NSU_MSc_Financial_Management_2025-26.pdf,2026-02-15,,2.0,1.0,2.0,5.0,0.4166666666666667,VV,"English-taught master in Financial Management offered by NSU’s Economics faculty; focuses on corporate finance, investment analysis and risk management for international students. Python presence still to be determined from NSU course syllabi.",1.0
,Russia,Ural Federal University (UrFU),Banking and Finance (Master’s degree programme),MSc,2025-26,Programme page (English),https://programs.edu.urfu.ru/en/10097/,UrFU_MSc_Banking_and_Finance_2025-26.pdf,2026-02-15,,2.0,1.0,2.0,5.0,0.4166666666666667,VV,"UrFU’s master 'Banking and Finance' trains specialists in banking, financial markets and risk management; admissions page notes it as a two-year programme within Economics/Finance. To be coded for Python once course descriptions are downloaded, particularly for quantitative finance modules.",1.0
,Russia,St Petersburg State University of Economics (UNECON),Finance and Credit (Master’s programme),MSc,2025-26,External programme summary + university academics page,https://studyabroadaide.com/institutions/saint-petersburg-state-university-of-economics/,UNECON_MSc_Finance_and_Credit_2025-26.pdf,2026-02-15,,2.0,1.0,2.0,5.0,0.4166666666666667,VV,"UNECON is a specialised economics and finance university; external summaries list 'Finance and Credit' among its master’s programmes, and UNECON’s academics page confirms strong offerings in finance, banking and accounting. Use this as the representative finance master; Python evidence to be added after locating detailed UNECON curriculum documents.",1.0
,,,,,,,,,,,,,,,,,,
,China,Tsinghua University,Master of Finance (MoF) – School of Economics and Management,MFin,2024-25,Program content page – Master of Finance (English),https://masters.sem.tsinghua.edu.cn/en/jrssxm/Program_Content.htm,Tsinghua_MoF_Program_Content_2024-25.pdf,2026-02-15 00:00:00,N,0.0,0.0,0.0,0.0,0.0,VV,"SEM’s MoF content page describes aims, curriculum structure and finance tracks but does not mention Python or any specific programming language; no degree-level evidence of Python in the core finance curriculum.",1.0
,China,Peking University (Guanghua School of Management),Master of Finance (Business Analytics direction),MFin,2024-25,"Program overview – Master of Finance (Business Analytics), Computer Technology section",https://en.gsm.pku.edu.cn/mfin_ba/Programs/Master_of_Finance_Business_Analytics_.htm,PKU_MFin_Business_Analytics_2024-25.pdf,2026-02-15 00:00:00,Y,2.0,1.0,2.0,5.0,0.4166666666666667,VV,"The Business Analytics track description explains that the Computer Technology core covers key data‑analysis languages such as R, Python and SQL together with large‑scale data processing; Python is taught as a main analytical language across several modules, so Depth=3 and Scope=2 with strongly applied, project‑based work (Authenticity=3).",1.0
,China,Fudan University (School of Management),Master of Finance – Quantitative Finance & Financial Engineering (MQFFE),MFin,2024-25,Master of Finance admissions / application page (MQFFE math & Python exam),https://www.fdsm.fudan.edu.cn/en/programs/mf.html,Fudan_MQFFE_Python_Exam_2024-25.pdf,2026-02-15 00:00:00,Y,2.0,1.0,2.0,5.0,0.4166666666666667,VV,"The MQFFE application section requires applicants to pass an online exam in mathematics and Python, listing topics such as basic syntax, data structures, control flow and common NumPy/Pandas functions; this is clear evidence of assessed Python literacy at entry, but course descriptions themselves remain language‑neutral, so Depth=1, Scope=1, Authenticity=2.",1.0
,China,Shanghai Jiao Tong University – Shanghai Advanced Institute of Finance (SAIF),Master of Finance (MF),MFin,2024-25,Program introduction page + MF brochure download,https://en.saif.sjtu.edu.cn/mf/program-introduction,SAIF_Master_of_Finance_Program_2024-25.pdf,2026-02-15 00:00:00,N,0.0,0.0,0.0,0.0,0.0,VV,"The MF program introduction and brochure emphasise a rigorous English‑taught curriculum, quantitative finance and a FinTech track, but neither document explicitly names Python or any other programming language; Python_Found is therefore coded as N under the strict document‑based rule.",1.0
,China,Zhejiang University (Zhejiang University International Business School – ZIBS),International Master of Finance (iMF),MFin,2024-25,Program overview – International Master of Finance (iMF),https://zibs.zju.edu.cn/enzibs/82384/list.htm,ZJU_ZIBS_iMF_Overview_2024-25.pdf,2026-02-15 00:00:00,N,0.0,0.0,0.0,0.0,0.0,VV,"ZIBS’s iMF overview highlights a FinTech‑oriented curriculum, CFA‑affiliated training and quantitative analysis but the publicly available English pages do not mention Python or any specific language; coded as no documented Python in the iMF curriculum.",1.0
,China,Renmin University of China (School of Finance),"Master of Science in Finance (MSF, English‑taught)",MSc,2024-25,MSF programme description / brochure (English),https://msf.sf.ruc.edu.cn/index.htm,RUC_MSF_Finance_2024-25.pdf,2026-02-15 00:00:00,N,0.0,0.0,0.0,0.0,0.0,VV,"The English‑medium MSF materials describe training directions in financial theory, banking, securities investment and international finance and stress quantitative and FinTech content, but they do not specify Python or any other programming language; no explicit language‑level evidence, so Python_Found=N.",1.0
,China,Shanghai University of Finance and Economics (SUFE),Master (instructed in English): Finance,MSc,2024-25,Program page – Master (instructed in English): Finance,https://ices.sufe.edu.cn/enices/65/78/c9684a157048/page.htm,SUFE_Master_Finance_English_2024-25.pdf,2026-02-15 00:00:00,N,0.0,0.0,0.0,0.0,0.0,VV,"The English‑taught Master in Finance description stresses advanced financial theory, quantitative models and applied learning but the page and linked curriculum information do not mention Python or any specific programming language; coded as no documented Python use in this degree.",1.0
,China,Central University of Finance and Economics (CUFE),Fintech undergraduate major – School of Finance (Bachelor of Economics),B.Econ,2024-25,Degree Program page – School of Finance (Fintech major section),https://ensf.cufe.edu.cn/Degree_Program.htm,CUFE_Fintech_Undergraduate_2024-25.pdf,2026-02-15 00:00:00,Y,3.0,2.0,2.0,7.0,0.5833333333333334,VV,"The Fintech major description lists “Python Programming” among its main specialised courses alongside Big Data and Finance, Blockchain Technology, AI Theory and Application and other quantitative subjects; this indicates a required Python course embedded in a FinTech‑focused curriculum for a subset of finance undergraduates (Depth=2, Scope=1, Authenticity=2).",0.0
,China,University of International Business and Economics (UIBE),International Master’s Program in Finance (IGPF – Master of Economics in Finance),MEcon,2024-25,Program brochure – International Master’s Program in Finance,https://sie.uibe.edu.cn/docs/2023-05/8d2bcb7fec634c95923f16c9fe679fcd.pdf,UIBE_International_Masters_Finance_IGPF_2024-25.pdf,2026-02-15 00:00:00,N,0.0,0.0,0.0,0.0,0.0,VV,"The IGPF brochure outlines a two‑year English‑taught Master of Economics in Finance with core courses in microeconomics, econometrics, finance and corporate finance plus electives and thesis work; there is no reference to Python or any other coding language, so Python_Found=N.",1.0
,China,Sun Yat-sen University (SYSU) – School of Business,Academic Master’s Program in Business Administration (Finance and Investment Management),MSc,2024-25,Academic Master’s Programs page – School of Business,https://bus.sysu.edu.cn/en/Programs/Master-major,SYSU_Business_Academic_Masters_Finance_2024-25.pdf,2026-02-15 00:00:00,N,0.0,0.0,0.0,0.0,0.0,VV,"SYSU’s Academic Master’s Programs page lists Business Administration with research areas including Finance and Investment Management and Management Science & Engineering with Financial Technology and Financial Engineering, but the description and structure do not explicitly mention Python or programming; coded as no documented Python requirement in the academic master’s finance routes.",1.0
,,,,,,,,,,,,,,,,,,
,Hong Kong SAR,University of Hong Kong (HKU),Master of Finance,MFin,2025–26,Programme page (overview & curriculum),https://msc.hkubs.hku.hk/articles/masteroffinance,HKU_MFin_Programme_2025-26.pdf,2026-02-15,N,0.0,0.0,0.0,0.0,0.0,VV,"HKU’s Master of Finance combines statistics, mathematics and computer programming but public documents do not name Python or any specific language; coded as no documented Python component.",1.0
,Hong Kong SAR,The Chinese University of Hong Kong (CUHK),MSc in Finance,MSc,2025–26,MSc Finance curriculum + 'Python in Finance' course page,https://masters.bschool.cuhk.edu.hk/programmes/mscfin/curriculum/,CUHK_MSc_Finance_Curriculum_2025-26.pdf,2026-02-15,Y,2.0,2.0,2.0,6.0,0.5,VV,Curriculum lists elective 'Python in Finance' giving hands‑on experience with Python libraries for financial analysis and modelling; Machine Learning in Finance also notes Python. Substantial but elective-based integration.,1.0
,Hong Kong SAR,Hong Kong University of Science and Technology (HKUST),MSc in Finance,MSc,2025–26,MSc Finance curriculum + FINA5240 course description,https://mfin.hkust.edu.hk/the-program/curriculum,HKUST_MSc_Finance_Curriculum_2025-26.pdf,2026-02-15,Y,2.0,2.0,2.0,6.0,0.5,VV,Elective FINA5240 'FinTech Analytics' is based on the open‑source Python language and uses Python tools for financial applications; one clearly Python‑anchored elective within the MSc.,1.0
,Hong Kong SAR,City University of Hong Kong (CityU),MSc Finance,MSc,2026–27,Programme page (curriculum and elective list),https://www.cityu.edu.hk/pg/programme/program-list/2026/college-of-business/department-of-economics-and-finance/p04,CityU_MSc_Finance_Programme_2026-27.pdf,2026-02-15,N,0.0,0.0,0.0,0.0,0.0,VV,Curriculum lists Financial Computing and FinTech/AI in Finance electives but public documents do not explicitly mention Python; coded as no documented Python component under the strict rule.,1.0
,Hong Kong SAR,The Hong Kong Polytechnic University (PolyU),Master of Finance (Investment Management),MoF,2026–27,Programme page / regulations (MoF–Investment Management track),https://www.polyu.edu.hk/study/pg/tpg/2026/21050-mim,PolyU_MoF_Investment_Management_2026-27.pdf,2026-02-15,N,0.0,0.0,0.0,0.0,0.0,VV,"MoF(Investment Management) materials describe investment and risk curriculum but do not name Python or any specific programming language; separate undergraduate programmes mention Python for accounting/finance, but not this MoF track.",1.0
,Hong Kong SAR,Hong Kong Baptist University (HKBU),MSc in Finance (FinTech and Financial Analytics),MSc,2025–26,Programme leaflet + handbook / exam timetable,https://bus.hkbu.edu.hk/content/dam/bus-assets/document/about-the-school/brochure-download/MScFinTech.pdf,HKBU_MSc_Finance_FinTechAnalytics_2025-26.pdf,2026-02-15,Y,2.0,2.0,2.0,6.0,0.5,VV,Curriculum lists core course FIN7830 'Financial Computing with Python' plus other analytics/ML modules; exam timetable shows this course as required for the FinTech & Financial Analytics stream. Python is a central tool for computing and analytics within the degree.,1.0
,Hong Kong SAR,Lingnan University,MSc in International Banking and Finance,MSc,2026–27,Programme information page,https://www.ln.edu.hk/econ/mibf,Lingnan_MSc_International_Banking_Finance_2026-27.pdf,2026-02-15,N,0.0,0.0,0.0,0.0,0.0,VV,"MIBF curriculum emphasizes international banking, finance and risk; public documents do not mention Python. Lingnan offers a separate Python Programming Training Certificate outside the degree; coded as no documented Python in the MSc itself.",1.0
,Hong Kong SAR,The Hang Seng University of Hong Kong (HSUHK),Master of Business Management (Global Finance Stream),MBM,2025–26,Programme leaflet / MBM page (stream descriptions),https://sbus.hsu.edu.hk/programmes/postgraduate-programmes/master-of-business-management/,HSUHK_MBM_Global_Finance_2025-26.pdf,2026-02-15,N,0.0,0.0,0.0,0.0,0.0,VV,MBM Global Finance stream highlights managerial and applied finance skills; online materials do not reference Python or programming courses. Coded as no documented Python requirement.,1.0
,Hong Kong SAR,Hong Kong Metropolitan University (HKMU),Master of Corporate Finance and Compliance,MSc,2025–26,Programme regulations / curriculum summary,https://www.hkmu.edu.hk/admissions/prog-regulations/mcfcf-mcfcf1-mcfcf-s/,HKMU_Master_Corporate_Finance_Compliance_2025-26.pdf,2026-02-15,N,0.0,0.0,0.0,0.0,0.0,VV,Programme regulations specify corporate finance and compliance courses but no programming or analytics modules naming Python; coded as no documented Python component.,1.0
,Hong Kong SAR,Hong Kong Shue Yan University (HKSYU),Bachelor of Commerce (Honours) in Financial Technology,BCom,2025–26,Programme page (overview and curriculum),https://ef.hksyu.edu/Programmes/BCom-in-FinTech,HKSYU_BCom_FinTech_Programme_2025-26.pdf,2026-02-15,Y,2.0,2.0,2.0,6.0,0.5,VV,"Programme description states that students learn big data analytics and computer languages including Python, C#, R and Java for FinTech applications, alongside blockchain and AI courses. Python is one of the main languages in the core FinTech skill set.",0.0
,,,,,,,,,,,,,,,,,,
,United Arab Emirates,Zayed University,Bachelor of Science in Finance,BSc,2024–25,Program page / Course descriptions,https://www.zu.ac.ae/main/en/colleges/colleges/__college_of_business/_course_descriptions/bachelor-of-science-in-finance,ZU_BSc_Finance_2024-25.pdf,2026-02-15,N,0.0,0.0,0.0,0.0,0.0,VV,"Undergraduate finance major covering corporate finance, investments and financial markets; online catalog and course descriptions do not name Python or any specific programming language.",0.0
,United Arab Emirates,American University of Sharjah (AUS),Bachelor of Science in Business Administration – Major in Finance,BSBA,2024–25,Program page,https://www.aus.edu/sba/department-of-finance/bachelor-of-science-in-business-administration-major-in-finance,AUS_BSBA_Finance_2024-25.pdf,2026-02-15,N,0.0,0.0,0.0,0.0,0.0,VV,"Finance major within AUS School of Business Administration emphasizing corporate finance, investments and financial institutions; public curriculum description does not explicitly reference Python or other programming languages.",0.0
,United Arab Emirates,University of Sharjah,Bachelor of Science in Finance,BSc,2024–25,Program page,https://www.sharjah.ac.ae/Academics/Degree/Undergraduate/Finance,UoS_BSc_Finance_2024-25.pdf,2026-02-15,N,0.0,0.0,0.0,0.0,0.0,VV,Department of Finance and Economics describes the BSc Finance as preparing students for careers in financial markets and institutions; degree requirements and online materials do not mention Python by name.,0.0
,United Arab Emirates,American University in Dubai (AUD),Bachelor of Business Administration – Finance major,BBA,2024–25,Program page (BBA overview and majors),https://www.aud.edu/aud-school/school-of-business/programs/bachelor-of-business-administration-bba/,AUD_BBA_Finance_2024-25.pdf,2026-02-15,N,0.0,0.0,0.0,0.0,0.0,VV,"AUD BBA lists a Finance major covering corporate finance, financial modelling and investment topics; web prospectus stresses spreadsheets and financial analysis but does not specify Python or another language.",0.0
,United Arab Emirates,University of Dubai,Bachelor of Business Administration in Finance and Banking,BBA,2024–25,Catalog sequencing-of-courses page,https://ud.smartcatalogiq.com/en/2024-2025/2024-2025-undergraduate-catalog/sequencing-of-courses-in-programs/24-3-bachelor-of-business-administration-in-finance-and-banking-total-129-c-h/,UD_BBA_Finance_Banking_2024-25.pdf,2026-02-15,N,0.0,0.0,0.0,0.0,0.0,VV,UD undergraduate catalog lists a BBA in Finance and Banking with a detailed semester-by-semester plan; technology-related requirements include a generic computer applications course but do not name Python.,0.0
,United Arab Emirates,Canadian University Dubai,Bachelor of Business Administration in Accounting and Finance,BBA,2024–25,Program page / Viewbook,https://www.cud.ac.ae/programs/undergraduate/management/bachelor-of-business-administration-in-accounting-and-finance,CUD_BBA_Accounting_Finance_2024-25.pdf,2026-02-15,N,0.0,0.0,0.0,0.0,0.0,VV,"CUD BBA in Accounting and Finance stresses professional accreditation links (ACCA, ICAEW, CIMA, CFA) and applied work with financial and analytical software but does not indicate that students learn Python specifically.",0.0
,United Arab Emirates,Middlesex University Dubai,BA (Honours) Business Management (Finance),BA,2024–25,Program page,https://www.mdx.ac.ae/courses/course-list/course-detail/ba-honours-business-management---finance,MiddlesexDubai_BA_Business_Management_Finance_2024-25.pdf,2026-02-15,N,0.0,0.0,0.0,0.0,0.0,VV,"Dubai campus BA Business Management (Finance) highlights employability, financial analysis and use of industry software, but public module descriptions do not mention Python or identify a specific programming language.",0.0
,United Arab Emirates,Heriot-Watt University Dubai,MA (Hons) Accountancy and Finance,MA (Hons),2024–25,Program page / curriculum,https://www.hw.ac.uk/dubai/study/undergraduate/accountancy-finance,HeriotWattDubai_MA_Accountancy_Finance_2024-25.pdf,2026-02-15,Y,2.0,1.0,2.0,5.0,0.4166666666666667,VV,"Course content lists an optional Year 3 module titled 'Applied Financial Modelling in Python', where students implement models using Python in a finance context; other core modules remain language-agnostic.",0.0
,United Arab Emirates,Al Ain University,BBA in Finance and Banking,BBA,2024–25,Program page,https://business.aau.ac.ae/en/programs/bachelor-of-business-administration-finance-and-banking,AlAin_BBA_Finance_Banking_2024-25.pdf,2026-02-15,N,0.0,0.0,0.0,0.0,0.0,VV,"Al Ain University describes the BBA in Finance and Banking as providing knowledge of corporate finance, investments and financial markets; the online description and attached study plan do not reference Python.",0.0
,United Arab Emirates,Ajman University,Bachelor of Science in Finance,BSc,2024–25,Program page,https://www.ajman.ac.ae/en/cba/college-programs/programs/bachelor-of-science-in-finance,Ajman_BSc_Finance_2024-25.pdf,2026-02-15,N,0.0,0.0,0.0,0.0,0.0,VV,"Ajman University’s BSc in Finance provides training in financial markets, investment analysis and risk management; departmental and program pages emphasise quantitative skills but do not explicitly mention Python.",0.0
,,,,,,,,,,,,,,,,,,
,Saudi Arabia,Imam Mohammad Ibn Saud Islamic University (IMSIU),Bachelor of Finance and Investment,BSc,2024–25,Programme overview (TopUniversities summary),https://www.topuniversities.com/universities/imam-mohammad-ibn-saud-islamic-university-imsiu/undergrad/bachelor-finance-investment,IMSIU_BSc_Finance_and_Investment_2024-25.pdf,2026-02-15,N,0.0,0.0,0.0,0.0,0.0,VV,4‑year undergraduate degree in finance and investment; public descriptions do not mention Python or any specific programming language.,0.0
,Saudi Arabia,Imam Abdulrahman Bin Faisal University (IAU),Bachelor of Science in Banking and Finance,BSc,2024–25,Programme page,https://www.iau.edu.sa/en/colleges/college-of-business-administration/programs/bachelor-of-science-in-banking-and-finance,IAU_BSc_Banking_and_Finance_2024-25.pdf,2026-02-15,N,0.0,0.0,0.0,0.0,0.0,VV,Four‑year BSc banking and finance; programme descriptions list finance and quantitative methods but no explicit Python requirement.,0.0
,Saudi Arabia,King Faisal University (KFU),Bachelor of Finance (BBA with Specialization in Finance),BSc,2024–25,Department/college page – CFA/CISI recognition,https://www.kfu.edu.sa/ar/Colleges/business-administration/Documents/Fina-new-page/eng%20pages/certificates.html,KFU_Bachelor_of_Finance_CFA_CISI_Recognition_2024-25.pdf,2026-02-15,N,0.0,0.0,0.0,0.0,0.0,VV,"Bachelor of Finance specialization recognised by CFA Institute and CISI; documentation focuses on accreditation, not on programming tools.",0.0
,Saudi Arabia,Taibah University,BSc in Business Administration – Major in Finance,BSc,2024–25,Program page (About / Study plan),https://www.taibahu.edu.sa/en/Admission-and-Study/Programs/Science-in-Business-Administration-Major-in-Finance,Taibah_BSc_Business_Admin_Finance_2024-25.pdf,2026-02-15,N,0.0,0.0,0.0,0.0,0.0,VV,Business Administration (Finance major) study plan emphasises corporate finance and investment; no explicit mention of Python or programming.,0.0
,Saudi Arabia,Umm Al‑Qura University (UQU),Bachelor in Banks and Financial Markets,BSc,2024–25,About‑the‑Program page – Banks & Financial Markets,https://uqu.edu.sa/en/cbe_fbins/50569,UQU_Bachelor_Banks_and_Financial_Markets_2024-25.pdf,2026-02-15,N,0.0,0.0,0.0,0.0,0.0,VV,"136‑credit bachelor programme in banks and financial markets, including Islamic banking; public materials do not reference Python or specific programming tools.",0.0
,Saudi Arabia,Princess Nourah bint Abdulrahman University (PNU),Bachelor of Science in Financial Technology (FinTech),BSc,2024–25,Programme details / study plan (FinTech),https://www.pnu.edu.sa/en/Faculties/Business/Programs/Pages/ProgramDetails.aspx?prog=BU-BS-FITE,PNU_BSc_Financial_Technology_2024-25.pdf,2026-02-15,N,0.0,0.0,0.0,0.0,0.0,VV,FinTech BSc study plan lists programming and data‑analysis courses but public English‑language materials do not explicitly state Python; coded as no documented Python under strict evidence rule.,0.0
,Saudi Arabia,Dar Al‑Hekma University (DAH),Bachelor of Banking and Finance,BSc,2024–25,Programme page + detailed course descriptions,https://www.dah.edu.sa/en/academics/hsbl/programs/Pages/Banking-and-Finance.aspx,DarAlHekma_BSc_Banking_and_Finance_2024-25.pdf,2026-02-15,Y,2.0,2.0,2.0,6.0,0.5,VV,Includes elective BSBF 4333 'Advanced Data Analytics' where students apply machine‑learning techniques using Python to real‑world business problems; other courses mainly Excel‑based.,0.0
,Saudi Arabia,"University of Business and Technology (UBT), Jeddah",Major of Finance (College of Business Administration),BSc,2024–25,Program page / study plan (Major of Finance),https://www.ubt.edu.sa/college/ubtcba/finance,UBT_Major_of_Finance_BSc_2024-25.pdf,2026-02-15,N,0.0,0.0,0.0,0.0,0.0,VV,"Finance major study plan lists Financial Modeling and other applied courses, generally framed around spreadsheets; no explicit mention of Python or specific programming languages.",0.0
,Saudi Arabia,Prince Sattam bin Abdulaziz University (PSAU),Bachelor of Finance,BSc,2024–25,Finance programme page (College of Business),https://psau.edu.sa/en/acedemicprogram/35/2077/4,PSAU_Bachelor_of_Finance_2024-25.pdf,2026-02-15,N,0.0,0.0,0.0,0.0,0.0,VV,Finance programme outlines learning goals in financial analysis and decision‑making; published information does not mention programming languages.,0.0
,Saudi Arabia,Al Yamamah University (YU),Bachelor of Science in Finance and Insurance,BSc,2024–25,Finance programme page (College of Business),https://yu.edu.sa/academics/cob/finance/,AlYamamah_Finance_and_Insurance_BSc_2024-25.pdf,2026-02-15,N,0.0,0.0,0.0,0.0,0.0,VV,"Finance and Insurance BSc programme lists finance, insurance and risk courses; no explicit reference to Python or other languages in the publicly available study plan.",0.0
,,,,,,,,,,,,,,,,,,
,South Africa,University of Cape Town (UCT),MSc in Finance,MSc,2024–25,Program page / handbook (Africa case-study Table 11),TBD_UCT_MSc_Finance_Handbook_URL,UCT_MSc_Finance_2024-25.pdf,2026-02-15,Y,2.0,1.0,2.0,5.0,0.4166666666666667,VV,Africa case-study reports UCT MSc Finance electives and labs using Python for econometrics and portfolio analytics; Python appears in assessed lab-based work but is concentrated in electives rather than the entire core.,1.0
,South Africa,University of the Witwatersrand (Wits),MSc in Finance,MSc,2024–25,Program page / workshop + elective description (Africa Table 11),TBD_Wits_MSc_Finance_Handbook_URL,Wits_MSc_Finance_2024-25.pdf,2026-02-15,Y,3.0,3.0,2.0,8.0,0.6666666666666666,VV,Case-study notes a practical Python workshop and elective for MSc Finance students covering intro Python and data analytics in finance; exposure is optional and not embedded across core modules.,1.0
,South Africa,University of Pretoria,MCom in Finance,MCom,2024–25,Graduate catalogue / business analytics electives (Africa Table 11),TBD_Pretoria_MCom_Finance_Handbook_URL,Pretoria_MCom_Finance_2024-25.pdf,2026-02-15,Y,3.0,2.0,2.0,7.0,0.5833333333333334,VV,Africa case-study describes business-analytics electives for finance students using Python for finance and applied ML labs; Python is present in several electives but not in all core finance courses.,1.0
,Egypt,American University in Cairo (AUC),MSc in Finance,MSc,2024–25,Programme handbook / elective description (Africa Table 11),TBD_AUC_MSc_Finance_Handbook_URL,AUC_MSc_Finance_2024-25.pdf,2026-02-15,Y,2.0,1.0,2.0,5.0,0.4166666666666667,VV,Regional evidence indicates an MSc Finance elective that introduces Python basics and applied financial modelling; Python is available to students but confined to an elective rather than required core modules.,1.0
,Kenya,Strathmore University,MSc in Finance,MSc,2024–25,Short course / workshop linked to business school (Africa Table 11),TBD_Strathmore_Python_Finance_Workshop_URL,Strathmore_MSc_Finance_2024-25.pdf,2026-02-15,Y,1.0,1.0,2.0,4.0,0.3333333333333333,VV,"Africa table notes a short course/workshop providing basic Python and AI exposure for finance students; coding opportunities are minimal, co-curricular, and not part of the assessed MSc Finance core.",1.0
,Nigeria,University of Lagos (UNILAG),MSc Finance,MSc,2024–25,Continuing-education certificate linked to Department of Finance (Africa Table 11),TBD_UNILAG_Python_Data_Analysis_CE_URL,UNILAG_MSc_Finance_2024-25.pdf,2026-02-15,Y,2.0,1.0,2.0,5.0,0.4166666666666667,VV,Case-study documents a continuing-education certificate 'Python for data analysis with finance use-cases' offered by the finance department; Python is taught institutionally but sits mainly outside the for-credit MSc Finance curriculum.,1.0
,Kenya,University of Nairobi,MSc Finance,MSc,2024–25,Co-curricular workshops / donor-funded digital skills initiatives (Africa narrative),TBD_Nairobi_MSc_Finance_Python_Workshop_URL,Nairobi_MSc_Finance_2024-25.pdf,2026-02-15,Y,3.0,2.0,2.0,7.0,0.5833333333333334,VV,Africa section notes that the University of Nairobi offers only workshop-level and short co-curricular exposure to Python for finance students; adoption is minimal and not embedded in MSc Finance core modules.,1.0
,Ghana,University of Ghana Business School (UGBS),MSc Finance,MSc,2024–25,Initial desk review of public MSc Finance information (to be extended),TBD_UGBS_MSc_Finance_Handbook_URL,UGBS_MSc_Finance_2024-25.pdf,2026-02-15,N,0.0,0.0,0.0,0.0,0.0,VV,Provisional coding: available MSc Finance descriptions emphasise traditional corporate finance and investments with generic references to 'statistical packages' but no explicit mention of Python; coded as no documented Python component pending detailed syllabus review.,1.0
,South Africa,University of Johannesburg,MCom in Finance,MCom,2024–25,Initial desk review of MCom Finance programme description (to be extended),TBD_UJ_MCom_Finance_Handbook_URL,UJ_MCom_Finance_2024-25.pdf,2026-02-15,N,0.0,0.0,0.0,0.0,0.0,VV,Provisional classification: public MCom Finance materials stress corporate finance and investments and mention spreadsheets or generic econometric software but not Python; treated as no explicit Python until full programme handbooks are collected.,1.0
,Uganda,Makerere University Business School (MUBS),MSc in Finance,MSc,2024–25,Initial desk review of MUBS MSc Finance outline (to be extended),TBD_MUBS_MSc_Finance_Handbook_URL,MUBS_MSc_Finance_2024-25.pdf,2026-02-15,N,0.0,0.0,0.0,0.0,0.0,VV,No explicit Python reference identified yet in publicly available MSc Finance descriptions; curriculum appears focused on traditional finance topics with generic reference to ICT and spreadsheets. Coded as 0/0/0 pending acquisition of detailed course syllabi.,1.0
,,,,,,,,,,,,,,,,,,
,India,Indian Institute of Management Calcutta (IIMC),MBA/PGP with Finance Specialisation,MBA,2024–25,Programme page / PGP handbook (Finance specialisation),TBD_IIMC_MBA_PGP_Finance_2024-25_URL,IIMC_MBA_PGP_Finance_2024-25.pdf,2026-02-15 00:00:00,,2.0,1.0,2.0,5.0,0.4166666666666667,VV,Flagship two‑year MBA/PGP at IIM Calcutta with a Finance specialisation; to be coded for Python adoption once detailed curriculum and course outlines are collected.,1.0
,India,Indian Institute of Management Lucknow (IIML),MBA/PGP with Finance & Accounting Specialisation,MBA,2024–25,Programme page / PGP handbook (Finance & Accounting),TBD_IIML_MBA_PGP_Finance_Accounting_2024-25_URL,IIML_MBA_PGP_Finance_Accounting_2024-25.pdf,2026-02-15 00:00:00,,2.0,1.0,2.0,5.0,0.4166666666666667,VV,Two‑year flagship MBA/PGP where students can choose a Finance & Accounting specialisation; needs syllabus review to determine whether any finance or analytics courses explicitly require Python.,1.0
,India,Indian Institute of Management Kozhikode (IIMK),MBA/PGP with Finance Specialisation,MBA,2024–25,Programme page / course structure (electives list),TBD_IIMK_MBA_PGP_Finance_2024-25_URL,IIMK_MBA_PGP_Finance_2024-25.pdf,2026-02-15 00:00:00,,2.0,1.0,2.0,5.0,0.4166666666666667,VV,PGP programme at IIM Kozhikode with Finance concentration; electives reportedly include analytics and financial modelling but Python evidence still to be checked.,1.0
,India,Indian Institute of Management Indore (IIM Indore),Post Graduate Programme in Management (Finance Track),MBA,2024–25,PGP curriculum / specialisation structure,TBD_IIMI_PGP_Finance_Track_2024-25_URL,IIMIndore_PGP_Finance_Track_2024-25.pdf,2026-02-15 00:00:00,,2.0,1.0,2.0,5.0,0.4166666666666667,VV,IIM Indore’s PGP offers a Finance track within the two‑year MBA; curriculum and course outlines must be reviewed to code any Python‑based finance or analytics offerings.,1.0
,India,"Indian Institute of Technology Delhi (IIT Delhi), Dept of Management Studies",MBA with Finance Specialisation,MBA,2024–25,MBA brochure / DMS curriculum guide,TBD_IITD_DMS_MBA_Finance_2024-25_URL,IITDelhi_DMS_MBA_Finance_2024-25.pdf,2026-02-15 00:00:00,,2.0,1.0,2.0,5.0,0.4166666666666667,VV,Two‑year MBA at IIT Delhi (DMS) with a Finance specialisation; likely to include quantitative/analytics components but Python integration in finance subjects still needs systematic coding.,1.0
,India,"Indian Institute of Technology Kharagpur (IIT Kharagpur), Vinod Gupta School of Management",MBA (Finance),MBA,2024–25,Programme page / VGSoM MBA curriculum,TBD_IITKGP_VGSoM_MBA_Finance_2024-25_URL,IITKharagpur_VGSoM_MBA_Finance_2024-25.pdf,2026-02-15 00:00:00,,2.0,1.0,2.0,5.0,0.4166666666666667,VV,VGSoM’s MBA offers a Finance specialisation in a technical‑university context; curriculum documents should be examined for any Python‑based courses in financial engineering or analytics.,1.0
,India,"Indian Institute of Technology Madras (IIT Madras), Dept of Management Studies",MBA with Finance & Analytics Courses,MBA,2024–25,Programme brochure / course list (Finance & Analytics),TBD_IITM_DOMS_MBA_Finance_Analytics_2024-25_URL,IITMadras_DOMS_MBA_Finance_Analytics_2024-25.pdf,2026-02-15 00:00:00,,2.0,2.0,2.0,6.0,0.5,VV,IIT Madras’ DoMS MBA includes finance and analytics‑oriented electives; further review needed to see whether analytics/FinTech courses specify Python as the working language.,1.0
,India,University of Delhi – Faculty of Management Studies (FMS),MBA with Finance Electives,MBA,2024–25,FMS MBA curriculum / elective booklet,TBD_FMS_Delhi_MBA_Finance_Electives_2024-25_URL,FMS_Delhi_MBA_Finance_Electives_2024-25.pdf,2026-02-15 00:00:00,,2.0,1.0,2.0,5.0,0.4166666666666667,VV,FMS Delhi’s full‑time MBA allows students to build a Finance focus via electives; finance and analytics syllabi should be checked for explicit Python requirements before coding adoption.,1.0
,India,SVKM’s NMIMS (Mumbai) – School of Business Management,MBA (Banking and Finance),MBA,2024–25,Programme page / Banking & Finance curriculum guide,TBD_NMIMS_SBM_MBA_Banking_Finance_2024-25_URL,NMIMS_SBM_MBA_Banking_Finance_2024-25.pdf,2026-02-15 00:00:00,,2.0,1.0,2.0,5.0,0.4166666666666667,VV,"SBM’s specialised MBA in Banking & Finance covers corporate banking, risk and markets; official course descriptions will need to be reviewed to identify any Python‑based analytics components.",1.0
,India,"Symbiosis School of Banking and Finance (SSBF), Symbiosis International University",MBA (Banking and Finance),MBA,2024–25,Programme page / SSBF MBA handbook,TBD_SSBF_MBA_Banking_Finance_2024-25_URL,SSBF_MBA_Banking_Finance_2024-25.pdf,2026-02-15 00:00:00,,2.0,1.0,2.0,5.0,0.4166666666666667,VV,Symbiosis’ SSBF offers a sectoral MBA focused on banking and finance; at this stage Python adoption has not been coded and will depend on evidence from detailed syllabi and course outlines.,1.0
,,,,,,,,,,,,,,,,,,
,Australia,The Australian National University (ANU),Master of Applied Finance,MAppFin,2025–26,Program page / handbook + key finance course pages,https://programsandcourses.anu.edu.au/program/7421XMAPFN,ANU_Master_of_Applied_Finance_7421_2025-26.pdf,2026-02-15 00:00:00,N,0.0,0.0,0.0,0.0,0.0,VV,"ANU’s Master of Applied Finance (program 7421) requires core courses such as Applied Corporate Finance (FINM7007) and Applied Foundations of Finance (FINM7006). Program and course descriptions emphasise financial theory, markets and quantitative tools but do not mention Python or specific programming languages; Python appears only in separate data‑analytics degrees, so the MAppFin is coded as having no documented Python component.",1.0
,Australia,The University of Queensland (UQ),Master of Finance and Investment Management,MFin,2025–26,"Program page + course profiles (FINM3422, BISM7217)",https://programs-courses.uq.edu.au/program.html?acad_prog=5765,UQ_Master_of_Finance_and_Investment_Management_5765_2025-26.pdf,2026-02-15 00:00:00,Y,2.0,2.0,2.0,6.0,0.5,VV,"UQ’s Master of Finance and Investment Management draws on advanced modelling and analytics units. The FINM3422 Financial Modelling course profile states that Python is used extensively in real-life finance problems and that students become familiar with Python in the unit; BISM7217 Machine Learning for Business likewise requires implementing ML algorithms in Python. These Python‑based units form a substantial, practice‑oriented component accessible within the MFIM study plan, though not compulsory for all students (Depth=3, Scope=2, Authenticity=3).",1.0
,Australia,Queensland University of Technology (QUT),Master of Business (Applied Finance),MBus,2025–26,Program page / handbook,https://www.qut.edu.au/courses/master-of-business-applied-finance,QUT_Master_of_Business_Applied_Finance_2025-26.pdf,2026-02-15 00:00:00,N,0.0,0.0,0.0,0.0,0.0,VV,"The QUT Master of Business (Applied Finance) course page and business‑faculty handbook describe foundation, discipline and complementary studies in economics, quantitative methods and corporate finance but do not name Python or any specific programming language. Although QUT offers Python‑based programming units elsewhere, these are not documented as requirements or named options within the Applied Finance master’s curriculum; coded Python_Found=N.",1.0
,Australia,The University of Adelaide,Master of Applied Finance,MAppFin,2025–26,Program page / handbook,https://adelaideuni.edu.au/study/degrees/master-of-applied-finance/,Adelaide_Master_of_Applied_Finance_2025-26.pdf,2026-02-15 00:00:00,N,0.0,0.0,0.0,0.0,0.0,VV,"Adelaide’s Master of Applied Finance highlights core courses in accounting, economics and finance and alignment with professional standards and the CFA curriculum. Publicly available program and course descriptions do not mention Python or other named programming languages. While some Adelaide academics use Python in data‑analytics teaching and research, this is not tied explicitly to the MAppFin structure, so the programme is coded as having no documented Python element.",1.0
,Australia,The University of Western Australia (UWA),Master of Applied Finance,MAppFin,2025–26,Program page / external course descriptions,https://www.uwa.edu.au/study/Courses/Master-of-Applied-Finance,UWA_Master_of_Applied_Finance_2025-26.pdf,2026-02-15 00:00:00,N,0.0,0.0,0.0,0.0,0.0,VV,"UWA Business School markets the Master of Applied Finance as a practical degree covering corporate banking, risk management, capital markets and international finance, with curriculum aligned to the CFA program. Neither the official course page nor independent descriptions of the degree explicitly mention Python or specific programming languages. Separate UWA business‑analytics materials reference tools such as R and Python, but these are not identified as part of the MAppFin; coded Python_Found=N.",1.0
,Australia,University of Technology Sydney (UTS),Master of Finance,MFin,2025–26,Program page + Python‑based elective subject outline,https://www.uts.edu.au/courses/master-of-finance,UTS_Master_of_Finance_C04048_2025-26.pdf,2026-02-15 00:00:00,Y,2.0,1.0,2.0,5.0,0.4166666666666667,VV,"UTS’s Master of Finance emphasises banking, corporate finance and financial technologies. Within the Finance subject list, elective 25579 Applied Portfolio Management is described as providing a hands‑on experience of modern portfolio management in which “students are introduced to the use of the Python coding language to design and test portfolio management strategies” and to machine‑learning/AI techniques in investing. This assessed subject offers a clear Python‑in‑finance experience for MFin students but Python is concentrated in this elective rather than across the core (Depth=2, Scope=1, Authenticity=3).",1.0
,Australia,Macquarie University,Master of Applied Finance,MAppFin,2025–26,Program page / department information,https://www.mq.edu.au/study/find-a-course/courses/master-of-applied-finance,Macquarie_Master_of_Applied_Finance_2025-26.pdf,2026-02-15 00:00:00,N,0.0,0.0,0.0,0.0,0.0,VV,"Macquarie’s Master of Applied Finance is promoted as an industry‑recognised degree covering corporate banking, investment management and risk, with strong professional recognition. The program page and postgraduate materials outline finance content and accreditation but do not mention Python or specific programming languages. Python‑based trading simulations appear in some Macquarie undergraduate finance units (e.g. AFIN352 Applied Portfolio Management), yet such use is not documented for the MAppFin; coded Python_Found=N for the master’s programme.",1.0
,Australia,RMIT University,Master of Finance,MFin,2025–26,Program page / external curriculum summaries,https://www.rmit.edu.au/study-with-us/levels-of-study/postgraduate-study/masters-by-coursework/master-of-finance-mc201,RMIT_Master_of_Finance_MC201_2025-26.pdf,2026-02-15 00:00:00,N,0.0,0.0,0.0,0.0,0.0,VV,"RMIT’s Master of Finance documentation emphasises econometrics, international finance, sustainable finance and fintech and highlights use of trading facilities and market data, but neither the official course page nor independent curriculum descriptions explicitly reference Python or any other programming language. Given this absence of language‑level detail, the degree is coded as having no documented Python component.",1.0
,Australia,University of New South Wales (UNSW Sydney),Master of Finance,MSc,2024-25,Program page / Handbook + FinTech elective course outline,https://handbook.unsw.edu.au/postgraduate/programs/2025/8476,UNSW_Master_of_Finance_2024-25.pdf,2026-02-14,Y,2.0,2.0,3.0,7.0,0.5833333333333334,VV,"UNSW Master of Finance (program 8476) offers a Financial Technology specialisation alongside core MFIN courses. Within this stream, FINS5546 'Toolkit for Financial Market Decisions' explicitly trains students to write Python code to solve practical problems such as collecting internet-based financial data and analysing market opportunities, and sits within the School of Banking and Finance's FinTech series. Progression plans for 8476 show FinTech electives (e.g. FINS5545–FINS5548) available to MFin students. Coded Python_Found=Y; Depth=2 (Python concentrated in toolkit/FinTech electives rather than all core courses); Scope=1 (FinTech pathway is optional); Authenticity=2 (hands-on, assessed coding with real market data but not embedded across the entire curriculum).",1.0
,Australia,The University of Sydney,Master of Commerce (Finance),MCom,2024-25,Master of Commerce handbook + unit-of-study table + unit pages,https://www.sydney.edu.au/courses/courses/pc/master-of-commerce0.html,Sydney_Master_of_Commerce_Finance_2024-25.pdf,2026-02-14,Y,2.0,2.0,2.0,6.0,0.5,VV,"The Master of Commerce allows students to specialise in Finance while taking analytics-oriented degree selective units listed in the Commerce unit-of-study table. QBUS5011 'Introduction to Programming' introduces Python for collecting and analysing business data; BUSS6002 'Data Science in Business' requires students to implement data-analytic algorithms in Python; and advanced analytics units such as QBUS6820 'Prescriptive Analytics' list Python in the assumed knowledge. QBUS6830 'Financial Time Series and Forecasting', taught by the Business Analytics discipline, has learning outcomes requiring students to develop complex programs in Python to estimate and forecast financial time-series models. These units are available to Master of Commerce students and provide a clear Python-based pathway for quantitatively inclined Finance students, even though Python is not compulsory in every Finance core unit. Coded Python_Found=Y; Depth=2 (multiple Python-based units, including one focused on financial time series); Scope=2 (Python concentrated in analytics/FinTech electives rather than all Finance subjects); Authenticity=3 (Python used for assessed, real-data modelling and forecasting).",1.0
,,,,,,,,,,,,,,,,,,
,Japan,The University of Tokyo (UTokyo),Master’s Programme in Economics (Finance-related),MA/MSc,2024-25,Graduate program page – Department of Quantitative Finance,https://www.e.u-tokyo.ac.jp/fservice/program/course06-e.html,UTokyo_Masters_Economics_Finance_2024-25.pdf,2026-02-14,N,0.0,0.0,0.0,0.0,0.0,VV,"The University of Tokyo’s graduate programs in economics and quantitative finance describe advanced training in derivatives pricing, investment theory and quantitative methods, and faculty materials show that Python is used in some theory courses and research seminars. However, the official master’s programme and department curriculum pages do not name Python or any specific programming language as a formal requirement in the finance/economics degree structure. Under the strict rule that Python must be explicitly mentioned in programme or course descriptions, this master’s programme is coded as having no documented Python component (Python_Found=N; Depth=0; Scope=0; Authenticity=0).",1.0
,Japan,Kyoto University,Master’s Programme in Economics/Business Administration (Finance),MA/MBA,2024-25,Graduate program overview – Graduate School of Economics (Master’s programs),https://www.econ.kyoto-u.ac.jp/en/about/grad/,Kyoto_Masters_Economics_Business_Finance_2024-25.pdf,2026-02-14,N,0.0,0.0,0.0,0.0,0.0,VV,"Kyoto University’s Graduate School of Economics master’s programmes describe specializations in areas such as economic theory, econometrics and finance, but the official curriculum and course descriptions available in English and Japanese do not explicitly mention Python or any specific programming language. While the university offers common education courses and data science initiatives that teach Python as a general-purpose programming and data-analysis tool, these are not documented as requirements within the finance- or economics-focused master’s curricula. Accordingly the programme is coded as having no documented Python component (Python_Found=N; Depth=0; Scope=0; Authenticity=0).",1.0
,Japan,Keio University,Graduate Programme in Business and Commerce (Finance),MA/MBA,2024-25,Master’s Program page – Graduate School of Business and Commerce,https://www.fbc.keio.ac.jp/graduate/en/shuushi_katei.html,Keio_Graduate_Business_Commerce_Finance_2024-25.pdf,2026-02-14,N,0.0,0.0,0.0,0.0,0.0,VV,"Keio University’s Graduate School of Business and Commerce master’s programme lists fields such as Finance & Securities and Econometrics and stresses training in quantitative analysis and data handling. However, the publicly available curriculum and subject-area descriptions do not name Python or any other specific programming language as a formal tool of instruction. Separate evidence shows that Keio undergraduates in the Faculty of Economics can take courses such as 'Information Processing 2 (Python Programming)' and that the FinTEK centre promotes finance–technology work, indicating Python is used elsewhere at the university. Since this is not tied explicitly to the master’s finance curriculum in official documents, the graduate programme is coded as having no documented Python component (Python_Found=N; Depth=0; Scope=0; Authenticity=0).",1.0
,Japan,Hitotsubashi University,Graduate Programme in Business Administration/Economics (Finance),MA/MBA,2024-25,Financial Strategy Program curriculum page – Hitotsubashi Business School,https://www.fs.hub.hit-u.ac.jp/eng/education/,Hitotsubashi_Graduate_Finance_2024-25.pdf,2026-02-14,N,0.0,0.0,0.0,0.0,0.0,VV,"Hitotsubashi Business School’s Financial Strategy Program (MBA) curriculum stresses rigorous quantitative finance, including courses in corporate finance, risk management and financial engineering, and mentions preparation in statistics, economics and computational tools. Nonetheless, the official curriculum overview and course list do not explicitly reference Python or any particular programming language. Working papers and research outputs from the same programme sometimes document the use of Python for empirical analysis and data processing, but this evidence relates to research practice rather than clearly stated teaching requirements. Therefore the programme is coded as having no documented Python requirement in the taught finance curriculum (Python_Found=N; Depth=0; Scope=0; Authenticity=0).",1.0
,Japan,Waseda University – Waseda Business School (Graduate School of Business and Finance),Master of Science in Finance (MSc in Finance),MSc,2024–25,Program page (English),https://www.waseda.jp/fcom/wbs/en/applicants/why/finance,Waseda_MSc_Finance_2024-25.pdf,2026-02-15,,2.0,1.0,2.0,5.0,0.4166666666666667,VV,Two‑year English‑taught MSc in Finance focusing on quantitative methods and analysis for financial industry careers; Python/analytics integration to be coded after syllabus review.,1.0
,Japan,Nagoya University – Graduate School of Economics,Economics and Business Administration Program (Master’s in Economics and Business Administration),MA/MSc,2024–25,Program page (Global 30),https://admissions.g30.nagoya-u.ac.jp/graduate-programs/business/,Nagoya_Economics_Business_Admin_Masters_2024-25.pdf,2026-02-15,,2.0,1.0,2.0,5.0,0.4166666666666667,VV,"English‑taught master’s in Economics and Business Administration; research groups include banking, finance, corporate finance and financial accounting; Python usage in finance courses still to be coded.",1.0
,Japan,NUCB Business School (Nagoya University of Commerce & Business),Global MBA (Finance / Accounting & related electives),MBA,2024–25,Business school program page,https://mba.nucba.ac.jp/en/,NUCB_Global_MBA_2024-25.pdf,2026-02-15,,2.0,1.0,2.0,5.0,0.4166666666666667,VV,Triple‑accredited business school offering an English‑track Global MBA with finance‑oriented courses and corporate finance content; documentation to be reviewed for explicit Python/analytics requirements.,1.0
,Japan,Ritsumeikan Asia Pacific University (APU) – Graduate School of Management,MBA in Accounting and Finance / MBA Program (Finance specialisation),MBA,2024–25,MBA programme page,https://admissions.apu.ac.jp/graduate/academics/mba/,APU_MBA_Accounting_Finance_2024-25.pdf,2026-02-15,,2.0,1.0,2.0,5.0,0.4166666666666667,VV,English‑medium MBA with specialisations including Accounting and Finance; integrates international management with finance and analytics; explicit Python adoption still to be coded from detailed syllabi.,1.0
,Japan,Kobe University – Graduate School of Business Administration,Global Master’s Program “KIMAP in Management” (includes finance area),MA/MSc,2024–25,English‑taught postgraduate program page,https://kimap.b.kobe-u.ac.jp/about_us,Kobe_KIMAP_Management_2024-25.pdf,2026-02-15,,2.0,1.0,2.0,5.0,0.4166666666666667,VV,International management master’s program at GSBA with coursework across management disciplines including business finance and business data analysis; Python/ML integration in finance modules to be confirmed.,1.0
,Japan,International University of Japan (IUJ) – Graduate School of International Management,MBA Program (Finance and related electives),MBA,2024–25,MBA programme page / fact sheet,https://gsim.iuj.ac.jp/gsim/mba/,IUJ_MBA_Program_2024-25.pdf,2026-02-15,,2.0,1.0,2.0,5.0,0.4166666666666667,VV,Two‑year English‑language MBA emphasising global business with core courses in economics and finance plus advanced finance electives; future coding will determine whether Python is explicitly required.,1.0
