Country,Programs_n,Depth_M,Scope_M,Authenticity_M
Australia,10,0.8,0.7,0.9
Brazil,10,1.6,1.4,2.3
China,10,0.7,0.4,0.6
Egypt,1,2.0,1.0,2.0
Germany,10,1.9,1.6,2.2
Ghana,1,0.0,0.0,0.0
Hong Kong SAR,10,0.8,0.8,0.8
India,10,2.0,1.1,2.0
Japan,10,1.2,0.6,1.2
Kenya,2,2.0,1.5,2.0
Nigeria,1,2.0,1.0,2.0
Russia,10,2.0,1.1,2.2
Saudi Arabia,10,0.2,0.2,0.2
South Africa,4,2.0,1.5,1.5
Switzerland,10,2.0,1.2,2.0
Uganda,1,0.0,0.0,0.0
United Arab Emirates,10,0.2,0.1,0.2
United Kingdom,10,2.6,1.8,2.5
United States,10,2.6,1.7,2.1
